{
  "wolves": [
    [
      0.35544135154321727,
      0.21809723771641443,
      0.22535733588730858,
      0.6575633865372755
    ],
    [
      0.35544135154321727,
      0.21809723771641443,
      0.22535733588730858,
      0.6575633865372755
    ],
    [
      0.35544135154321727,
      0.21809723771641443,
      0.22535733588730858,
      0.6575633865372755
    ],
    [
      0.35544135154321727,
      0.21809723771641443,
      0.22535733588730858,
      0.6575633865372755
    ],
    [
      0.35544135154321727,
      0.21809723771641443,
      0.22535733588730858,
      0.6575633865372755
    ],
    [
      0.35544135154321727,
      0.21809723771641443,
      0.22535733588730858,
      0.6575633865372755
    ],
    [
      0.35544135154321727,
      0.21809723771641443,
      0.22535733588730858,
      0.6575633865372755
    ],
    [
      0.35544135154321727,
      0.21809723771641443,
      0.22535733588730858,
      0.6575633865372755
    ],
    [
      0.35544135154321727,
      0.21809723771641443,
      0.22535733588730858,
      0.6575633865372755
    ],
    [
      0.35544135154321727,
      0.21809723771641443,
      0.22535733588730858,
      0.6575633865372755
    ]
  ],
  "alpha_pos": [
    0.34246228017325103,
    0.302289130069287,
    0.36161379511533015,
    0.8930970641721402
  ],
  "beta_pos": [
    0.36146422558033314,
    0.13440570585734218,
    0.03375617665948667,
    0.4551702714319135
  ],
  "delta_pos": [
    0.3623975488760676,
    0.2175968772226141,
    0.280702035887109,
    0.6244228240077728
  ],
  "alpha_score": 0.8939999999999999,
  "beta_score": 0.8936875000000001,
  "delta_score": 0.8936458333333335,
  "alpha_params": {
    "alpha": 5.1559820990559755e-05,
    "l1_ratio": 0.302289130069287,
    "loss": "log_loss",
    "penalty": "elasticnet"
  },
  "best_iteration": 35,
  "outer_iter": 5,
  "wolf_idx": 0,
  "eval_counter": 50
}