{
  "wolves": [
    [
      0.7837786592623349,
      0.9584029438094056,
      0.16651198672761558,
      0.2895758791043308,
      0.5786406253669494
    ],
    [
      0.7837786592623349,
      0.9584029438094056,
      0.16651198672761558,
      0.2895758791043308,
      0.5786406253669494
    ],
    [
      0.7837786592623349,
      0.9584029438094056,
      0.16651198672761558,
      0.2895758791043308,
      0.5786406253669494
    ],
    [
      0.7837786592623349,
      0.9584029438094056,
      0.16651198672761558,
      0.2895758791043308,
      0.5786406253669494
    ],
    [
      0.7837786592623349,
      0.9584029438094056,
      0.16651198672761558,
      0.2895758791043308,
      0.5786406253669494
    ],
    [
      0.7914712734020637,
      0.9326816647446138,
      0.1393660611960077,
      0.2624696316789272,
      0.5918895098244653
    ],
    [
      0.7498516246549863,
      0.9577389862158214,
      0.14356673754346252,
      0.2539700957767348,
      0.577111135833929
    ],
    [
      0.7596260253308832,
      0.9722309678624139,
      0.13555533678976514,
      0.28033432670582276,
      0.5732476324792181
    ],
    [
      0.7596260253308832,
      0.9722309678624139,
      0.13555533678976514,
      0.28033432670582276,
      0.5732476324792181
    ],
    [
      0.7596260253308832,
      0.9722309678624139,
      0.13555533678976514,
      0.28033432670582276,
      0.5732476324792181
    ]
  ],
  "alpha_pos": [
    0.7647024217895395,
    0.9503807958418394,
    0.012503937115442454,
    0.22520275822362804,
    0.5749188659859309
  ],
  "beta_pos": [
    0.8357862451130824,
    0.9663121077454023,
    0.15467793769809712,
    0.3334840471474243,
    0.5690425775820857
  ],
  "delta_pos": [
    0.6783894090900278,
    1.0,
    0.2394841355557558,
    0.28231617474641596,
    0.5757814538696374
  ],
  "alpha_score": 0.97325,
  "beta_score": 0.9686875,
  "delta_score": 0.96675,
  "alpha_params": {
    "max_depth": 24,
    "max_features": "None",
    "min_samples_leaf": 1,
    "min_samples_split": 6,
    "n_estimators": 309
  },
  "best_iteration": 36,
  "outer_iter": 5,
  "wolf_idx": 0,
  "eval_counter": 50
}