{
  "wolves": [
    [
      0.857387110213272,
      0.7172578629447314
    ],
    [
      0.857387110213272,
      0.7172578629447314
    ],
    [
      0.857387110213272,
      0.7172578629447314
    ],
    [
      0.857387110213272,
      0.7172578629447314
    ],
    [
      0.857387110213272,
      0.7172578629447314
    ],
    [
      0.857387110213272,
      0.7172578629447314
    ],
    [
      0.857387110213272,
      0.7172578629447314
    ],
    [
      0.857387110213272,
      0.7172578629447314
    ],
    [
      0.857387110213272,
      0.7172578629447314
    ],
    [
      0.857387110213272,
      0.7172578629447314
    ]
  ],
  "alpha_pos": [
    0.8790529124442402,
    0.673411943585966
  ],
  "beta_pos": [
    0.8585979199113825,
    0.6973680290593639
  ],
  "delta_pos": [
    0.8345104982841933,
    0.7809936161888644
  ],
  "alpha_score": 0.8970625,
  "beta_score": 0.8970416666666667,
  "delta_score": 0.8970416666666667,
  "alpha_params": {
    "C": 18.806911230163752,
    "loss": "squared_hinge"
  },
  "best_iteration": 41,
  "outer_iter": 5,
  "wolf_idx": 0,
  "eval_counter": 50
}