{
  "wolves": [
    [
      0.3868366858997643,
      0.6250337223716654,
      0.6553639580943728,
      0.6790724697853725,
      1.0,
      0.08852880498630421,
      0.3241520592991615,
      0.364488369784342,
      0.22759940772512888
    ],
    [
      0.3868366858997643,
      0.6250337223716654,
      0.6553639580943728,
      0.6790724697853725,
      1.0,
      0.08852880498630421,
      0.3241520592991615,
      0.364488369784342,
      0.22759940772512888
    ],
    [
      0.3971665235503268,
      0.649360531817409,
      0.6546652294464576,
      0.6242039318174383,
      1.0,
      0.12018031608423306,
      0.3600924187776228,
      0.3543870470777588,
      0.17969625026062672
    ],
    [
      0.3971665235503268,
      0.649360531817409,
      0.6546652294464576,
      0.6242039318174383,
      1.0,
      0.12018031608423306,
      0.3600924187776228,
      0.3543870470777588,
      0.17969625026062672
    ],
    [
      0.4705595484946796,
      0.6268533208126921,
      0.6815637069884773,
      0.7210909119735507,
      1.0,
      0.13817982751476057,
      0.3163146828330556,
      0.30361276830474065,
      0.14662319238963648
    ],
    [
      0.4705595484946796,
      0.6268533208126921,
      0.6815637069884773,
      0.7210909119735507,
      1.0,
      0.13817982751476057,
      0.3163146828330556,
      0.30361276830474065,
      0.14662319238963648
    ],
    [
      0.4705595484946796,
      0.6268533208126921,
      0.6815637069884773,
      0.7210909119735507,
      1.0,
      0.13817982751476057,
      0.3163146828330556,
      0.30361276830474065,
      0.14662319238963648
    ],
    [
      0.4705595484946796,
      0.6268533208126921,
      0.6815637069884773,
      0.7210909119735507,
      1.0,
      0.13817982751476057,
      0.3163146828330556,
      0.30361276830474065,
      0.14662319238963648
    ],
    [
      0.4705595484946796,
      0.6268533208126921,
      0.6815637069884773,
      0.7210909119735507,
      1.0,
      0.13817982751476057,
      0.3163146828330556,
      0.30361276830474065,
      0.14662319238963648
    ],
    [
      0.4705595484946796,
      0.6268533208126921,
      0.6815637069884773,
      0.7210909119735507,
      1.0,
      0.13817982751476057,
      0.3163146828330556,
      0.30361276830474065,
      0.14662319238963648
    ]
  ],
  "alpha_pos": [
    0.4953767409044681,
    0.5970726031008398,
    0.7731386359886582,
    0.9220603131904777,
    1.0,
    0.17336018414182564,
    0.22187415883116482,
    0.2195059820787343,
    0.1399526294325762
  ],
  "beta_pos": [
    0.5976825887489856,
    0.6147622221427177,
    0.7922617091083395,
    0.7136099418420208,
    1.0,
    0.1715160777037156,
    0.3389353505111253,
    0.3834812294467121,
    0.19081070701317784
  ],
  "delta_pos": [
    0.3186193158305852,
    0.6687251371945188,
    0.47929077586843477,
    0.5276024808881535,
    1.0,
    0.06966322069874055,
    0.3881345391568766,
    0.3078510933887755,
    0.1091062407231554
  ],
  "alpha_score": 0.9975208333333333,
  "beta_score": 0.9975000000000002,
  "delta_score": 0.9974166666666667,
  "alpha_params": {
    "colsample_bytree": 0.747688370452234,
    "learning_rate": 0.3025655755194115,
    "max_depth": 12,
    "min_child_samples": 93,
    "n_estimators": 500,
    "num_leaves": 43,
    "reg_alpha": 9.928129411437318e-07,
    "reg_lambda": 9.452655680559844e-07,
    "subsample": 0.5699763147162881
  },
  "best_iteration": 45,
  "outer_iter": 5,
  "wolf_idx": 0,
  "eval_counter": 50
}