{
  "wolves": [
    [
      0.04087447801813609
    ],
    [
      0.04087447801813609
    ],
    [
      0.04087447801813609
    ],
    [
      0.04087447801813609
    ],
    [
      0.039961856777821846
    ],
    [
      0.039450812705858984
    ],
    [
      0.039450812705858984
    ],
    [
      0.039450812705858984
    ],
    [
      0.039450812705858984
    ],
    [
      0.039450812705858984
    ]
  ],
  "alpha_pos": [
    0.030591224607426703
  ],
  "beta_pos": [
    0.04321739742701439
  ],
  "delta_pos": [
    0.044543816083135866
  ],
  "alpha_score": 0.899125,
  "beta_score": 0.8990833333333332,
  "delta_score": 0.8990625,
  "alpha_params": {
    "reg_param": 0.030591224607426703
  },
  "best_iteration": 38,
  "outer_iter": 5,
  "wolf_idx": 0,
  "eval_counter": 50
}