{
  "wolves": [
    [
      0.6904774694064661
    ],
    [
      0.6904774694064661
    ],
    [
      0.6904774694064661
    ],
    [
      0.6904774694064661
    ],
    [
      0.6904774694064661
    ],
    [
      0.6904774694064661
    ],
    [
      0.6904774694064661
    ],
    [
      0.6904774694064661
    ],
    [
      0.6904774694064661
    ],
    [
      0.6904774694064661
    ]
  ],
  "alpha_pos": [
    0.7739560485559633
  ],
  "beta_pos": [
    0.4388784397520523
  ],
  "delta_pos": [
    0.8585979199113825
  ],
  "alpha_score": 0.8430416666666666,
  "beta_score": 0.8430416666666666,
  "delta_score": 0.8430416666666666,
  "alpha_params": {
    "var_smoothing": 4.402874346669275e-08
  },
  "best_iteration": 1,
  "outer_iter": 5,
  "wolf_idx": 0,
  "eval_counter": 50
}