{
  "wolves": [
    [
      0.45136802486571986,
      0.9298705436139604,
      0.8940603333434954
    ],
    [
      0.45136802486571986,
      0.9298705436139604,
      0.8940603333434954
    ],
    [
      0.5111251143973292,
      0.9360966671296974,
      0.7945383156992478
    ],
    [
      0.5111251143973292,
      0.9360966671296974,
      0.7945383156992478
    ],
    [
      0.5083348424811763,
      0.9563121077417902,
      0.8356195977514568
    ],
    [
      0.47068965950982605,
      0.9596265053781473,
      0.8058072446772019
    ],
    [
      0.47068965950982605,
      0.9596265053781473,
      0.8058072446772019
    ],
    [
      0.47068965950982605,
      0.9596265053781473,
      0.8058072446772019
    ],
    [
      0.47068965950982605,
      0.9596265053781473,
      0.8058072446772019
    ],
    [
      0.47068965950982605,
      0.9596265053781473,
      0.8058072446772019
    ]
  ],
  "alpha_pos": [
    0.35452596812986836,
    0.9706980243949033,
    0.8931211213221977
  ],
  "beta_pos": [
    0.5584078672885436,
    0.9764629437041027,
    0.8246777932238846
  ],
  "delta_pos": [
    0.49913514311106616,
    0.9317185480354357,
    0.6996228194855235
  ],
  "alpha_score": 0.952,
  "beta_score": 0.9510416666666668,
  "delta_score": 0.9448333333333334,
  "alpha_params": {
    "algorithm": "SAMME",
    "learning_rate": 1.7124002038589048,
    "n_estimators": 452
  },
  "best_iteration": 8,
  "outer_iter": 5,
  "wolf_idx": 0,
  "eval_counter": 50
}