{
  "wolves": [
    [
      0.8124680836549399,
      0.21494395419953347,
      0.4925189269904842,
      0.40426253133593515,
      0.948723645934635,
      0.568738054991981
    ],
    [
      0.8368220969296564,
      0.2246358148568253,
      0.5840664173513764,
      0.5212929676731349,
      0.9493697000349571,
      0.479994717160011
    ],
    [
      0.8368220969296564,
      0.2246358148568253,
      0.5840664173513764,
      0.5212929676731349,
      0.9493697000349571,
      0.479994717160011
    ],
    [
      0.8368220969296564,
      0.2246358148568253,
      0.5840664173513764,
      0.5212929676731349,
      0.9493697000349571,
      0.479994717160011
    ],
    [
      0.861898726059441,
      0.22063318809347512,
      0.6401767753182414,
      0.5031359891585055,
      0.9580904300929092,
      0.4453894346958984
    ],
    [
      0.861898726059441,
      0.22063318809347512,
      0.6401767753182414,
      0.5031359891585055,
      0.9580904300929092,
      0.4453894346958984
    ],
    [
      0.861898726059441,
      0.22063318809347512,
      0.6401767753182414,
      0.5031359891585055,
      0.9580904300929092,
      0.4453894346958984
    ],
    [
      0.861898726059441,
      0.22063318809347512,
      0.6401767753182414,
      0.5031359891585055,
      0.9580904300929092,
      0.4453894346958984
    ],
    [
      0.861898726059441,
      0.22063318809347512,
      0.6401767753182414,
      0.5031359891585055,
      0.9580904300929092,
      0.4453894346958984
    ],
    [
      0.861898726059441,
      0.22063318809347512,
      0.6401767753182414,
      0.5031359891585055,
      0.9580904300929092,
      0.4453894346958984
    ]
  ],
  "alpha_pos": [
    0.8068396734123807,
    0.2646182287735413,
    0.6809853617566951,
    0.47963046350555033,
    0.9461781325310857,
    0.4549572836462969
  ],
  "beta_pos": [
    0.9883159997505305,
    0.22367524405695105,
    0.7248059043464686,
    0.55310963770763,
    1.0,
    0.42528361478553584
  ],
  "delta_pos": [
    0.7905405050154114,
    0.17360609144993303,
    0.5147390598515601,
    0.4766678662623362,
    0.9280931577476416,
    0.4559274056558625
  ],
  "alpha_score": 0.9965416666666667,
  "beta_score": 0.9962708333333333,
  "delta_score": 0.9958958333333333,
  "alpha_params": {
    "learning_rate": 0.4053514399720666,
    "max_depth": 6,
    "min_samples_leaf": 7,
    "min_samples_split": 11,
    "n_estimators": 476,
    "subsample": 0.7274786418231485
  },
  "best_iteration": 42,
  "outer_iter": 5,
  "wolf_idx": 0,
  "eval_counter": 50
}