{
  "wolves": [
    [
      0.6785594114814817,
      0.7887250570758931,
      0.5365181069394812,
      0.9599070210576918,
      1.0,
      0.596926417468466
    ],
    [
      0.6562259920566055,
      0.8817123330764804,
      0.6225285765095292,
      0.893520169570953,
      1.0,
      0.5608460145122484
    ],
    [
      0.657091143834304,
      0.869971053984707,
      0.6127662527955878,
      0.8885436633564333,
      0.960963175184824,
      0.5945002035666774
    ],
    [
      0.7226832792199067,
      0.8534599303831265,
      0.6151762557759588,
      0.9599070210576918,
      1.0,
      0.5342677733129704
    ],
    [
      0.7226832792199067,
      0.8534599303831265,
      0.6151762557759588,
      0.9599070210576918,
      1.0,
      0.5342677733129704
    ],
    [
      0.7226832792199067,
      0.8534599303831265,
      0.6151762557759588,
      0.9599070210576918,
      1.0,
      0.5342677733129704
    ],
    [
      0.7226832792199067,
      0.8534599303831265,
      0.6151762557759588,
      0.9599070210576918,
      1.0,
      0.5342677733129704
    ],
    [
      0.6965084230407333,
      0.9156387652689969,
      0.5949935178517687,
      0.9304274370598747,
      0.9942594873655728,
      0.5337400473746875
    ],
    [
      0.6965084230407333,
      0.9156387652689969,
      0.5949935178517687,
      0.9304274370598747,
      0.9942594873655728,
      0.5337400473746875
    ],
    [
      0.5426220622113647,
      0.9287635506481559,
      0.581017714770375,
      0.970520416002183,
      0.9834555352221847,
      0.5674916945071011
    ]
  ],
  "alpha_pos": [
    0.32186927115175507,
    0.9462221509624092,
    0.5793026922646337,
    1.0,
    1.0,
    0.4892185836137755
  ],
  "beta_pos": [
    0.5383409175118943,
    0.8600792784981016,
    0.5888907949304666,
    1.0,
    0.9675881435698358,
    0.7110765947580301
  ],
  "delta_pos": [
    0.7676559979704448,
    0.9799892224839565,
    0.5748596571160247,
    0.9115612480065488,
    0.9827784620967183,
    0.5021799051494976
  ],
  "alpha_score": 0.9954791666666667,
  "beta_score": 0.9951458333333335,
  "delta_score": 0.9949166666666667,
  "alpha_params": {
    "bagging_temperature": 3.2186927115175505,
    "border_count": 243,
    "depth": 7,
    "iterations": 500,
    "l2_leaf_reg": 10.00000000000001,
    "learning_rate": 0.24971710597075
  },
  "best_iteration": 30,
  "outer_iter": 5,
  "wolf_idx": 0,
  "eval_counter": 50
}