{
  "wolves": [
    [
      0.9705697439659402,
      0.911893531590065,
      0.421885237149709,
      0.35568019701511394,
      0.46744435229685827
    ],
    [
      0.9705697439659402,
      0.911893531590065,
      0.421885237149709,
      0.35568019701511394,
      0.46744435229685827
    ],
    [
      0.9705697439659402,
      0.911893531590065,
      0.421885237149709,
      0.35568019701511394,
      0.46744435229685827
    ],
    [
      0.9705697439659402,
      0.911893531590065,
      0.421885237149709,
      0.35568019701511394,
      0.46744435229685827
    ],
    [
      0.9705697439659402,
      0.911893531590065,
      0.421885237149709,
      0.35568019701511394,
      0.46744435229685827
    ],
    [
      0.9705697439659402,
      0.911893531590065,
      0.421885237149709,
      0.35568019701511394,
      0.46744435229685827
    ],
    [
      0.9705697439659402,
      0.911893531590065,
      0.421885237149709,
      0.35568019701511394,
      0.46744435229685827
    ],
    [
      0.9705697439659402,
      0.911893531590065,
      0.421885237149709,
      0.35568019701511394,
      0.46744435229685827
    ],
    [
      0.9705697439659402,
      0.911893531590065,
      0.421885237149709,
      0.35568019701511394,
      0.46744435229685827
    ],
    [
      0.9705697439659402,
      0.911893531590065,
      0.421885237149709,
      0.35568019701511394,
      0.46744435229685827
    ]
  ],
  "alpha_pos": [
    1.0,
    1.0,
    0.44794087112366493,
    0.4270507554996706,
    0.43145623160119523
  ],
  "beta_pos": [
    1.0,
    0.7356805947701953,
    0.4347225646555211,
    0.3318335896567462,
    0.5593243848691792
  ],
  "delta_pos": [
    0.9117092318978205,
    1.0,
    0.3829922756699408,
    0.30815624588892493,
    0.41155244042020017
  ],
  "alpha_score": 0.9944583333333334,
  "beta_score": 0.9944166666666667,
  "delta_score": 0.9944166666666666,
  "alpha_params": {
    "C": 999.9999999999998,
    "coef0": 1.0,
    "degree": 3,
    "gamma": "scale",
    "kernel": "poly"
  },
  "best_iteration": 33,
  "outer_iter": 5,
  "wolf_idx": 0,
  "eval_counter": 50
}