{
  "wolves": [
    [
      0.45053700566023486,
      0.2725822420449599,
      0.514305873103746,
      0.8087086189728344
    ],
    [
      0.4250974356811806,
      0.2585110088488616,
      0.545013293170105,
      0.7316860378817633
    ],
    [
      0.4250974356811806,
      0.2585110088488616,
      0.545013293170105,
      0.7316860378817633
    ],
    [
      0.4250974356811806,
      0.2585110088488616,
      0.545013293170105,
      0.7316860378817633
    ],
    [
      0.4250974356811806,
      0.2585110088488616,
      0.545013293170105,
      0.7316860378817633
    ],
    [
      0.4250974356811806,
      0.2585110088488616,
      0.545013293170105,
      0.7316860378817633
    ],
    [
      0.4250974356811806,
      0.2585110088488616,
      0.545013293170105,
      0.7316860378817633
    ],
    [
      0.4250974356811806,
      0.2585110088488616,
      0.545013293170105,
      0.7316860378817633
    ],
    [
      0.4250974356811806,
      0.2585110088488616,
      0.545013293170105,
      0.7316860378817633
    ],
    [
      0.4250974356811806,
      0.2585110088488616,
      0.545013293170105,
      0.7316860378817633
    ]
  ],
  "alpha_pos": [
    0.2929252256711576,
    0.25889707059382533,
    0.28041683338291534,
    0.6341093319308813
  ],
  "beta_pos": [
    0.4905836990479036,
    0.2606644872412101,
    0.8163745956553673,
    0.7920165249876217
  ],
  "delta_pos": [
    0.49178338232448066,
    0.25597146871154924,
    0.5382484504720325,
    0.7689322567267869
  ],
  "alpha_score": 0.9487916666666665,
  "beta_score": 0.9487916666666665,
  "delta_score": 0.9487916666666665,
  "alpha_params": {
    "metric": "manhattan",
    "n_neighbors": 14,
    "p": 2,
    "weights": "distance"
  },
  "best_iteration": 28,
  "outer_iter": 5,
  "wolf_idx": 0,
  "eval_counter": 50
}