{
  "wolves": [
    [
      1.0,
      0.7655314796315555
    ],
    [
      1.0,
      0.7655314796315555
    ],
    [
      1.0,
      0.7655314796315555
    ],
    [
      1.0,
      0.7655314796315555
    ],
    [
      1.0,
      0.7655314796315555
    ],
    [
      1.0,
      0.7655314796315555
    ],
    [
      1.0,
      0.7655314796315555
    ],
    [
      1.0,
      0.7655314796315555
    ],
    [
      1.0,
      0.7655314796315555
    ],
    [
      1.0,
      0.7655314796315555
    ]
  ],
  "alpha_pos": [
    1.0,
    0.9035459423883468
  ],
  "beta_pos": [
    1.0,
    0.5528640552623915
  ],
  "delta_pos": [
    1.0,
    0.8401844412439283
  ],
  "alpha_score": 0.897375,
  "beta_score": 0.897375,
  "delta_score": 0.897375,
  "alpha_params": {
    "C": 100.00000000000004,
    "penalty": "l2"
  },
  "best_iteration": 20,
  "outer_iter": 5,
  "wolf_idx": 0,
  "eval_counter": 50
}