{
  "original": {
    "LR": {
      "accuracy": 0.8604166666666667,
      "f1": 0.8913537004605305,
      "mcc": 0.6963520672791417,
      "auc": 0.9386479459290947
    },
    "LDA": {
      "accuracy": 0.8584166666666667,
      "f1": 0.8884951105860733,
      "mcc": 0.6946877245082672,
      "auc": 0.936565388356801
    },
    "QDA": {
      "accuracy": 0.87125,
      "f1": 0.8981743887167996,
      "mcc": 0.7234075446512154,
      "auc": 0.9378148146544509
    },
    "KNN": {
      "accuracy": 0.9394166666666667,
      "f1": 0.9528381446642881,
      "mcc": 0.8683176041691069,
      "auc": 0.9821708914973701
    },
    "NB": {
      "accuracy": 0.837,
      "f1": 0.8707033315705975,
      "mcc": 0.6506747620163261,
      "auc": 0.9097686476115701
    },
    "DT": {
      "accuracy": 0.903,
      "f1": 0.9256799897841911,
      "mcc": 0.7879072700006755,
      "auc": 0.9569079024912874
    },
    "RF": {
      "accuracy": 0.9340833333333334,
      "f1": 0.9493889564271546,
      "mcc": 0.8564545306788465,
      "auc": 0.9854466326919412
    },
    "GB": {
      "accuracy": 0.9656666666666667,
      "f1": 0.9733091474475253,
      "mcc": 0.9254439721668654,
      "auc": 0.9954264075793177
    },
    "SVM": {
      "accuracy": 0.97525,
      "f1": 0.9806552465316225,
      "mcc": 0.9463347485149023,
      "auc": 0.9971556330594957
    },
    "LinearSVC": {
      "accuracy": 0.8620833333333333,
      "f1": 0.8931913520490481,
      "mcc": 0.699064639680296,
      "auc": 0.9384157287775834
    },
    "XGB": {
      "accuracy": 0.9855833333333334,
      "f1": 0.9887347789281761,
      "mcc": 0.9687511268242832,
      "auc": 0.9990705600970652
    },
    "LGBM": {
      "accuracy": 0.9623333333333334,
      "f1": 0.9707140080342102,
      "mcc": 0.9181816480333305,
      "auc": 0.9947360403905698
    },
    "CB": {
      "accuracy": 0.97575,
      "f1": 0.9810633174985358,
      "mcc": 0.947403549393978,
      "auc": 0.9974797989419822
    },
    "SGD": {
      "accuracy": 0.8568333333333333,
      "f1": 0.8942508925273913,
      "mcc": 0.6857316546137937,
      "auc": "NaN"
    }
  },
  "smote": {
    "LR": {
      "accuracy": 0.8525,
      "f1": 0.8798696891543369,
      "mcc": 0.6931782621461076,
      "auc": 0.9386403386599853
    },
    "LDA": {
      "accuracy": 0.8375,
      "f1": 0.8626953950147866,
      "mcc": 0.6789642500159855,
      "auc": 0.9380145280197669
    },
    "QDA": {
      "accuracy": 0.853,
      "f1": 0.8792938278363214,
      "mcc": 0.6976319691944596,
      "auc": 0.9372740370460174
    },
    "KNN": {
      "accuracy": 0.92875,
      "f1": 0.942721243384471,
      "mcc": 0.8506289520527478,
      "auc": 0.9794280650619357
    },
    "NB": {
      "accuracy": 0.8249166666666666,
      "f1": 0.8563222321001163,
      "mcc": 0.6381573313958526,
      "auc": 0.9093737311195398
    },
    "DT": {
      "accuracy": 0.90325,
      "f1": 0.9217180230598072,
      "mcc": 0.7983156902837633,
      "auc": 0.9622569853372744
    },
    "RF": {
      "accuracy": 0.9295833333333333,
      "f1": 0.9438799229594209,
      "mcc": 0.8503431746663724,
      "auc": 0.9841303045216886
    },
    "GB": {
      "accuracy": 0.9615,
      "f1": 0.9694646397884996,
      "mcc": 0.9178854157257846,
      "auc": 0.9952233566374356
    },
    "SVM": {
      "accuracy": 0.97525,
      "f1": 0.9804874843965574,
      "mcc": 0.9467865096407774,
      "auc": 0.9973962993913223
    },
    "LinearSVC": {
      "accuracy": 0.8533333333333334,
      "f1": 0.8805483914754988,
      "mcc": 0.6949409657639491,
      "auc": 0.9386494042395761
    },
    "XGB": {
      "accuracy": 0.9815833333333334,
      "f1": 0.9855053453138323,
      "mcc": 0.9603237229292623,
      "auc": 0.9987607668415918
    },
    "LGBM": {
      "accuracy": 0.9569166666666666,
      "f1": 0.965777454160323,
      "mcc": 0.9082796160020465,
      "auc": 0.9940534909487331
    },
    "CB": {
      "accuracy": 0.9750833333333333,
      "f1": 0.9803302414314847,
      "mcc": 0.9465417774798414,
      "auc": 0.9977800004233611
    },
    "SGD": {
      "accuracy": 0.8390833333333333,
      "f1": 0.8661166192886363,
      "mcc": 0.6743979509456899,
      "auc": "NaN"
    }
  },
  "improvements": {
    "LR": {
      "accuracy": -0.9200968523002441,
      "f1": -1.2883787098499966,
      "mcc": -0.4557759332050425,
      "auc": -0.0008104496624548786
    },
    "LDA": {
      "accuracy": -2.4366566352781316,
      "f1": -2.90375436666934,
      "mcc": -2.263387409560396,
      "auc": 0.15472914982566252
    },
    "QDA": {
      "accuracy": -2.0946915351506448,
      "f1": -2.1021041256200137,
      "mcc": -3.5630780529367114,
      "auc": -0.057663581336446904
    },
    "KNN": {
      "accuracy": -1.135456400248386,
      "f1": -1.0617649321104252,
      "mcc": -2.037117758689844,
      "auc": -0.2792616294352668
    },
    "NB": {
      "accuracy": -1.4436479490242933,
      "f1": -1.651664688653513,
      "mcc": -1.923761509004006,
      "auc": -0.04340845258484707
    },
    "DT": {
      "accuracy": 0.027685492801768824,
      "f1": -0.42800608937301804,
      "mcc": 1.3210209728206754,
      "auc": 0.5589966215202942
    },
    "RF": {
      "accuracy": -0.4817557320010769,
      "f1": -0.580271492567797,
      "mcc": -0.713564561054984,
      "auc": -0.13357680939624442
    },
    "GB": {
      "accuracy": -0.43148084225060257,
      "f1": -0.3949934785990426,
      "mcc": -0.8167492218229986,
      "auc": -0.020398388101425843
    },
    "SVM": {
      "accuracy": 0.0,
      "f1": -0.017107147048713238,
      "mcc": 0.04773798347614719,
      "auc": 0.024135282783110223
    },
    "LinearSVC": {
      "accuracy": -1.0149830836152645,
      "f1": -1.415481749184584,
      "mcc": -0.5898844945487031,
      "auc": 0.02490105982101401
    },
    "XGB": {
      "accuracy": -0.4058510188551623,
      "f1": -0.3266228399333362,
      "mcc": -0.8699245514838561,
      "auc": -0.0310081457553233
    },
    "LGBM": {
      "accuracy": -0.5628680290959545,
      "f1": -0.5085487417539322,
      "mcc": -1.0784393319658767,
      "auc": -0.06861613675611594
    },
    "CB": {
      "accuracy": -0.06832351182851183,
      "f1": -0.07472260495074318,
      "mcc": -0.09096144031631054,
      "auc": 0.030095996099099166
    },
    "SGD": {
      "accuracy": -2.0715814043960368,
      "f1": -3.146127498876753,
      "mcc": -1.6527899203496739,
      "auc": "NaN"
    }
  },
  "average_improvement_percent": -0.7903239396009867,
  "std_improvement_percent": 0.9722217189145578,
  "min_improvement_percent": -3.5630780529367114,
  "max_improvement_percent": 1.3210209728206754
}