{
  "best": {
    "Model": "LGBM",
    "Optimal_Scaler": "Raw",
    "Best_CV_Mean": 0.9974166666666665,
    "Best_Iteration": 44,
    "n_estimators": 500,
    "learning_rate": 0.35500259145469654,
    "max_depth": 14,
    "num_leaves": 41,
    "min_child_samples": 67,
    "subsample": 0.8826422016272077,
    "colsample_bytree": 0.8041293307229274,
    "reg_alpha": 3.282340464814843e-07,
    "reg_lambda": 0.0024531588421549235,
    "random_state": 42
  },
  "timing": {
    "Model": "LGBM",
    "GWO_Search_Sec": 1069.5944657000364,
    "GWO_Evaluation_Sec": 138.05213999998523,
    "GWO_Total_Sec": 1207.9839495999622,
    "Best_CV_Mean": 0.9974166666666665
  },
  "memory_before": {
    "available_gb": 5.529666900634766,
    "used_percent": 64.9,
    "process_mb": 26.1484375
  },
  "memory_after": {
    "available_gb": 4.048240661621094,
    "used_percent": 74.3,
    "process_mb": 215.51953125
  }
}