{
  "best": {
    "Model": "AdaBoost",
    "Optimal_Scaler": "Raw",
    "Best_CV_Mean": 0.9407499999999999,
    "Best_Iteration": 8,
    "n_estimators": 210,
    "learning_rate": 1.7124002038589048,
    "algorithm": "SAMME.R",
    "random_state": 42
  },
  "timing": {
    "Model": "AdaBoost",
    "GWO_Search_Sec": 3574.2211003999982,
    "GWO_Evaluation_Sec": 423.2773966000095,
    "GWO_Total_Sec": 3998.186606599993,
    "Best_CV_Mean": 0.9407499999999999
  },
  "memory_before": {
    "available_gb": 4.366565704345703,
    "used_percent": 72.2,
    "process_mb": 230.69140625
  },
  "memory_after": {
    "available_gb": 3.1465988159179688,
    "used_percent": 80.0,
    "process_mb": 202.4921875
  }
}